-8.878995485677404	-9.445314569923518	26.73822088579408
-9.157812432090493	-9.084300821603799	27.924846161987855
-8.749096951470795	-8.087485217741074	28.159167751456543
-8.072868440410938	-7.502798016292685	27.250016144482224
-7.779012494186302	-7.801281855574728	26.112804352602105
-8.107742992772263	-8.696552390491638	25.721935905973016
-8.790317191731939	-9.45332048905959	26.492233936265134
-9.199580306480184	-9.264522762656847	27.802053709155857
-8.88138162295807	-8.243062750880279	28.288076480931338
-8.158109988244707	-7.484432406363144	27.48126003002183
-7.7422571639979365	-7.642877855339822	26.23647384751189
-7.980554996258832	-8.522686309963884	25.62792574474256
-8.678713700647226	-9.422938623883232	26.23544422815803
-9.217183462592745	-9.435930936752728	27.627856830066424
-9.01603594736308	-8.431625542258367	28.383743672239845
-8.267137552848354	-7.498794310204776	27.726665893474998
-7.726320682890501	-7.492538511437361	26.400889479643084
-7.855475370320772	-8.327738717586298	25.57130280385683
-8.545684671458346	-9.350857419521661	25.977096618916523
-9.206147095774796	-9.588649671382079	27.401943997236618
-9.147366766444057	-8.650922504128534	28.435453011125215
-8.399800359971211	-7.551452056893976	27.979476076333693
-7.734914510411035	-7.3559832322724175	26.60631164498581
-7.737009794282503	-8.11593073041218	25.558236163854037
-8.393735414837376	-9.235302871716776	25.72755429285801
-9.162674350354079	-9.712024667761854	27.126768135065713
-9.26855661492457	-8.896302521979461	28.432072012460655
-8.554872940145504	-7.6479478775219025	28.23095968470787
-7.771697521858181	-7.239586088408361	26.851945611956072
-7.630055436760217	-7.8922656059053615	25.59425431579013
-8.226356503635783	-9.076190820519706	25.49793661445958
-9.083969446128652	-9.795248861126028	26.80791311592188
-9.371793972977839	-9.160207032708623	28.362745062156215
-8.729736317316325	-7.793431313891847	28.470073674236367
-7.840157430309124	-7.15050874747859	27.135702501347904
-7.539891485732182	-7.662473315369396	25.684156827307824
-8.047985104294	-8.875202960472718	25.299706705689978
-8.968554594951431	-9.828116780853426	26.454327191200804
-9.448526915375425	-9.431778097881269	28.217821307194907
-8.920022356202951	-7.992087286336029	28.68314638550839
-7.943427957053358	-7.096853518044819	27.453862403088834
-7.4721739650632	-7.433011978297708	25.83191771561176
-7.863946453793028	-8.635740687615213	25.144282304176553
-8.81651993673346	-9.801843291495816	26.078263328834122
-9.489880366527784	-9.696724215746034	27.990071833046034
-9.11924256706021	-8.246276635575173	28.853672793582685
-8.084008889587938	-7.087804265957724	27.80058285119062
-7.432945829890649	-7.211147672181348	26.040590655363776
-7.680395904519688	-8.36279276372931	25.042685613674358
-8.629710800152091	-9.709861382032107	25.694974393674432
-9.487223829768714	-9.937563522359211	27.676091173194447
-9.31845291467051	-8.555358753989392	28.962351007143404
-8.263350706998851	-7.133702151628711	28.16720664401299
-7.428646607995336	-7.00514845840923	26.312173575835526
-7.504285492923841	-8.062756284858995	25.005285655641945
-8.411824440052943	-9.548496278023041	25.322128200410486
-9.432900620671216	-10.134401360385212	27.277784995758015
-9.5060295682524	-8.914177598472019	28.9875774208383
-8.48125989120646	-7.245928230979808	28.541334579220347
-7.4660785604834174	-6.824611136490534	26.647356907557583
-7.343374280027878	-7.743260553905075	25.041606306672936
-8.168405678271071	-9.317379819316704	24.979056182815242
-9.321008853159512	-10.26627276216609	26.803614832921262
-9.667685543396852	-9.31137222033736	28.906634098974408
-8.735077706193863	-7.436448252275871	28.905623173744132
-7.552310730934158	-6.680963351993622	27.04510492192268
-7.206298775930699	-7.413059760805051	25.16023847110289
-7.906787988638069	-9.01961748488408	24.685890802420225
-9.148222133694834	-10.313029740666133	26.269458378715118
-9.786849176249467	-9.727734266536949	28.697851779911264
-9.018614741170154	-7.716714441446484	29.236383752055186
-7.694419124474335	-6.588135909421248	27.501913425345034
-7.102712495437554	-7.082069552528154	25.368789935654664
-7.635998251590769	-8.661649693755452	24.462741384365458
-8.91448446004123	-10.25754061297585	25.698730579363392
-9.845554220009264	-10.13512592988364	28.343884400223597
-9.320858290661427	-8.095586830364153	29.502163026052393
-7.898955044528013	-6.563379949114579	28.010570876414164
-7.043500130353103	-6.761649301986352	25.673835394134873
-7.366685914607499	-8.252873804951635	24.329016292470975
-8.623522593448286	-10.087911577818154	25.121645982393943
-9.825950063257121	-10.496650905187783	27.836037018536835
-9.624596612690208	-8.575862567191091	29.66282192019588
-8.170951894856344	-6.628097463616313	28.558142876164535
-7.041044985429215	-6.465252155565519	26.080762536158556
-7.111164353427766	-7.805146797058511	24.302997464569636
-8.283072274036067	-9.799233040400557	24.57365477054022
-9.712374849564853	-10.768758962642007	27.17903690607209
-9.905250707202123	-9.149129978989485	29.66999184658161
-8.512208630903169	-6.808305368093367	29.12282263762364
-7.109458601212369	-6.20962481786211	26.593309717080484
-6.883613685349619	-7.332325199389247	24.40166280327063
-7.904863757489443	-9.39461819082093	24.093282195773824
-9.493864496292444	-10.905749871026782	26.395354794096853
-10.130500762438167	-9.789223656318986	29.470429783406864
-8.918521350383736	-7.133966405436648	29.669269083687645
-7.264630226430396	-6.016773854028318	27.212488277346967
-6.700571345386276	-6.8500681879083025	24.640804487023377
-7.504401383098359	-8.885158920542587	23.719808583025582
-9.166631325286545	-10.866441597825162	25.527493413481174
-10.261485829931388	-10.44560735011889	29.013914504496835
-9.375566497689423	-7.635618577799095	30.14234531311902
-7.523716228242123	-5.916951000338874	27.93423885066752
-6.581774478822639	-6.3762221474282805	25.03530603191181
-7.100757427719451	-8.288949342604674	23.491279996284312
-8.736048750690852	-10.621816947432675	24.637105016168018
-10.256497815669702	-11.039774328046066	28.266916058554287
-9.85342905473382	-8.33579606533596	30.460191072171497
-7.903368038820904	-5.952739110253455	28.744653737611998
-6.551401150778484	-5.932293459821462	25.599366988544745
-6.716619677052065	-7.629417094040181	23.443281351827643
-8.217669798982962	-10.161735087781985	23.80038020738318
-10.077673795354158	-11.469263276613807	27.230865731568766
-10.300633272355558	-9.232046331682186	30.51008148875954
-8.415390080072223	-6.183610650433176	29.61068460575052
-6.639673080788007	-5.546833715198806	26.346204535521853
-6.379013182356691	-6.933539595699446	23.60883858885004
-7.637034530650541	-9.498379096796775	23.10061327492036
-9.700095356339116	-11.623314405136512	25.95998642209471
-10.640357493578726	-10.2700435906775	30.15516820437435
-9.057686012978785	-6.6880995523478735	30.463091365391143
-6.8843142394935075	-5.262205103075392	27.286037545033988
-6.121158721261808	-6.230827786281695	24.01945411351031
-7.02863620900342	-8.665254868277893	22.620098832310983
-9.121154308335349	-11.409997434238713	24.56975881992759
-10.773964942025994	-11.312762593412534	29.264749830389146
-9.79772737015574	-7.555204032643936	31.168414817333566
-7.33034772505482	-5.146987017508441	28.419459744649064
-5.986167891685942	-5.554473998074471	24.707134227785517
-6.434933386889309	-7.711816447870864	22.434129751742816
-8.366785864966534	-10.786705193675763	23.22778577471438
-10.598432494742976	-12.127308814675716	27.777906186394752
-10.547287768592355	-8.846400112505872	31.49325198040116
-8.023978269519032	-5.316423246967419	29.71886753202616
-6.033238134574099	-4.947517633663113	25.70665653989807
-5.907018943093382	-6.6956716533674285	22.609421516081785
-7.491786869584235	-9.779853146179104	22.12647366949853
-10.040108811653448	-12.42446844749861	25.786955251532003
-11.13557286694795	-10.501454967792734	31.08961877332014
-8.99037171441814	-5.957945282525024	31.08074008441369
-6.3464110410490315	-4.480317764626183	27.055599062954496
-5.509467854873811	-5.675742628476803	23.2082190496197
-6.574316725834155	-8.481779123704683	21.448812243538157
-9.094925437750634	-11.968874169853375	23.586887426262674
-11.30841829114627	-12.19005961528302	29.581964422365168
-10.175681694728327	-7.331163523567561	32.217251147972995
-7.041742470388118	-4.293475563790768	28.782570073365548
-5.333403420486681	-4.712184411149419	24.298179418052417
-5.7092953933932495	-7.024537012049025	21.345377959737128
-7.851505358093501	-10.712026681186245	21.62545122826711
-10.802687017668358	-13.237453746047727	26.85138726230008
-11.33362462522951	-9.625953303145037	32.47568048457466
-8.252143060413603	-4.691221799172749	30.846530454301146
-5.524022189602342	-3.8869166788031664	25.966731183450413
-5.010211524559758	-5.543416500754916	21.93657054546835
-6.477842883209442	-8.843527335383717	20.359172961675874
-9.511345058795138	-12.891447496334944	23.40556973143853
-11.906422057017064	-12.459518918554197	30.79613511582114
-10.0158815129139	-6.280448106612678	32.8966473758015
-6.326638860928546	-3.389182946244385	28.329178649182346
-4.636239250237435	-4.151192236097235	23.34498362618549
-5.182058522583624	-6.702807261456822	20.12284662973354
-7.6263632007534925	-10.92983851352819	20.35834766838487
-11.164646430264282	-14.221481769790016	26.52909430011978
-11.897936584473406	-9.806062379395229	33.57390143313107
-8.109227026097903	-3.804263727717198	31.441759134984228
-4.879272920226514	-2.965513764196084	25.759322611667297
-4.194876788187394	-4.614614847063204	21.12638123876125
-5.586489313346718	-7.950433168043415	18.804789973601924
-8.881434072087727	-12.925734214855764	21.12493174946012
-12.401329565572798	-14.262993222064742	29.967485723534168
-11.025185206439549	-6.788622793119105	34.50836085714265
-6.3683309886127715	-2.384874572270343	29.518611817593243
-3.8646012107649006	-2.772653992167532	23.606928535111035
-3.8758083358680024	-4.882253127196617	19.300944596555873
-5.85387664237802	-8.858720589318526	17.657810188760443
-9.829704377227214	-14.453859486683145	21.759505352532596
-13.171465618803976	-13.792727045311526	32.511261779723604
-10.137094460469939	-4.603053080638561	34.63993464731768
-5.108654423206822	-1.4258821365214394	28.162992908683936
-3.0134592695446267	-2.2874547607176106	22.132567665446373
-3.268158038869207	-4.415655262878356	17.82049454721758
-5.3680842719321875	-8.536344068835078	16.04949833019532
-9.716423173841784	-15.00511499310713	20.258318716337243
-13.837792172558084	-14.96474779794596	32.94227388457982
-10.451888895036946	-3.9399093564393746	35.787693164614595
-4.579179402841487	-0.33051184146560025	28.413960720688795
-2.097115409444572	-1.056187670878889	21.909760774399246
-1.9371103230998934	-2.5061646802978625	17.07040712094094
-3.202439799116735	-5.268269442031464	13.920119704931581
-6.459577074249914	-11.136860806518147	14.092585374380866
-12.377874671489534	-18.582042723836672	23.8110773754222
-14.480394244766071	-10.602759112893528	38.585577155900225
-7.204114873040151	0.5304257264758376	33.66404326177382
-1.8118863110813836	1.3092623881603653	25.354431086278204
-0.032402459437245554	0.8636049111350285	19.350447609503224
0.5928306607680868	1.1325435672708628	14.848788489554359
1.316786221497958	2.351203559864493	11.515367486948088
3.0027941746086455	5.587650051646764	9.548087820545065
7.172614557380413	13.292882447725868	11.46510846231169
14.682502329523333	21.607068231643932	27.151598590813965
14.251343981774921	5.618903275048937	41.860542274161645
4.301544155970496	-3.809784386111681	31.97031671835102
-0.8387181942510646	-3.7183133476977637	24.081174385152625
-2.9024121153769133	-4.6849332735969655	19.16933671297053
-5.149171650877317	-8.127222541605205	16.918581672220387
-9.14471621823481	-14.03277369059355	20.029030081486017
-13.317972805331799	-15.221743446217681	31.30434057973778
-11.02748044292386	-5.356880252999415	35.743581751071076
-5.384157095440171	-0.9574305239301105	29.19284368755082
-2.701574291129241	-1.5294738210629841	22.70627422046532
-2.5358604501448645	-3.225915628893124	17.895237700934718
-4.048982619381188	-6.487798443326104	15.064994923866715
-7.731485764348304	-12.756244515220967	16.504484982864216
-13.219546502661364	-17.715899444320904	27.875129834936978
-12.939387487740323	-7.477683874644153	37.85483342933027
-6.057850085014142	0.12543969541625433	31.4271820418286
-2.0027732537610428	0.16126821534357505	23.95392779578096
-0.9468803664129272	-0.6835027689558503	18.372842716444936
-1.133860678238584	-1.7229888056610057	14.17492294337257
-2.2146937480989526	-3.9203549613934774	11.256788537255693
-5.009991483280771	-9.225038474151159	10.652605850092582
-11.12894276300202	-18.839351531285118	18.37633795571205
-16.200645850291828	-15.081486811399934	38.69883586382364
-8.67067384758714	1.384710799470182	36.67130653808076
-1.2511041206061624	3.275337130570289	27.04663959979177
1.534460283727316	3.25953754792219	20.834389125852102
3.1858017035468014	5.104827550881326	16.821768858314574
5.924382494498679	9.711311302251069	15.810451179691759
10.81193727070288	16.316523395562527	22.0328054988439
14.055807722381548	13.178551064604699	35.31363899937814
9.107188179655465	2.177558264792718	34.73598868078593
3.611471871999923	0.05575102394052985	26.95545770964711
1.6587696883275316	0.9444505053552891	20.730010299577714
1.6718832097110088	2.2986498483521403	16.096589361768306
2.935460570096951	4.959422151755053	13.036791691596118
6.156817255968638	10.845906844720718	13.086112500621407
12.296570423903	19.023631668090122	22.77700463025828
14.95136595643174	11.234149237913051	39.10511301543431
7.293346186298493	-1.031670359413139	34.20624242657843
1.4745298181737656	-1.9183533621199418	25.59839851305142
-0.5374969034369943	-1.685814635423213	19.56643210428548
-1.5396821902821232	-2.636528898927937	15.186015564971413
-3.1506474221245377	-5.503915528141315	12.44756587463048
-6.80429039003485	-12.03818419028606	13.318665179701707
-13.28200925158333	-19.687453495872074	25.22874197907156
-14.39818524883405	-8.68201760742302	39.941758575104345
-6.07497045905051	1.76531016102532	32.8763309383816
-0.8672607550353924	2.054378082121813	24.629592362903722
0.9174201540424489	2.0512818762772516	18.900139884731388
2.070710745955351	3.4831580499743753	14.83648180495971
4.205021144411634	7.323072234328732	12.817009672824783
8.820473131103382	15.004233545269338	16.236522110315207
14.804253481238268	18.207045194275203	31.901628937618387
11.802657568306525	3.603783992981402	38.57400596377159
3.9941974273348584	-1.7942309409729171	29.66926588421416
0.437185004012892	-1.4317451105427612	22.44979347187514
-0.7283147871966097	-1.533488754112095	17.227215219769853
-1.6372539992064916	-2.8272784647613434	13.417794853104589
-3.5008411543011713	-6.290325747067077	11.276282754269289
-7.8334775737695255	-13.960111777684276	13.64101167308754
-14.706004898879268	-20.161397642100326	29.195815732675626
-13.218281600766609	-4.881980417986603	40.353356913061035
-4.302829597126896	2.7483485058844876	31.045892165009004
0.13493843527537236	2.5749684896337253	23.38611716921075
1.8032070370833175	3.152492703238975	18.18141555359608
3.4832065853140017	5.755989731781518	14.940662857185682
6.855505784839061	11.53547701158814	15.334612725087789
12.483169524126392	18.000177543300822	25.110822805532244
13.878854005414777	9.78676589144367	37.952728508106595
7.048551122143776	0.032300733796578496	32.94320731086879
2.1933686844363613	-0.5724787950353749	25.026550936235157
0.7184490938749696	0.149150007334855	19.14093055482491
0.5781702100715809	0.7570741233684821	14.68370271204601
1.0265986124029327	1.7872923663023759	11.332366670101127
2.318643176018556	4.333188272848391	9.11309358090239
5.6607248893663975	10.736233857143706	9.55106718146913
12.817239428605662	21.2260319964955	20.923887742364315
16.234605389704804	11.20149858009476	41.9755719181065
6.416503631499859	-3.63699945960339	34.8306414759198
-0.33169442684650535	-4.1958349748247565	25.814004832408084
-2.8768093558244456	-4.770829922791449	20.471681708566646
-5.03282005830441	-7.752963161671066	17.833932219649807
-8.653534700508995	-13.116087988246058	20.007278171197825
-12.74082072866983	-15.169852604477867	29.80713554701398
-11.43716910365156	-6.7217836941825855	35.41452390032932
-6.174248376944744	-1.666401025685987	29.90221389719282
-3.313829439742144	-1.980479557472662	23.524260766856003
-3.0851699484673345	-3.8124174673009943	18.770166531820205
-4.715952096681312	-7.33160132583215	16.228855158214547
-8.513138439236585	-13.45249747515381	18.50925102359412
-13.290863259573062	-16.36215148620782	29.848453426418807
-11.872011123526214	-6.289732791516682	36.64904072711413
-5.724680940674024	-0.5754817367996883	30.190736001273248
-2.466250020417657	-0.8688021241519128	23.293754256536488
-1.9205234788197887	-2.211321098010994	18.107376966765298
-2.8996253003793484	-4.622182545240066	14.56194776233333
-5.683694759920808	-9.756474079462123	13.811110934379531
-11.175995687883972	-17.57719194837964	21.076336929730243
-14.88959735150715	-13.48586800654541	37.003484479127025
-8.714750464283593	-0.5780644923002636	35.30884879189461
-2.5549865272180403	1.277168664319304	26.69541913795033
-0.34829489803378694	0.7248288725557341	20.337541151212815
0.29128300531979434	0.7077589943231934	15.57922212961147
0.7501640226052604	1.347947613285882	11.97895663078089
1.7054834736248852	3.169195566380348	9.41016572059541
4.1530577053885755	7.935053530332594	8.589431731079614
10.032961743139436	18.08976519603957	14.748253151848035
16.908835810894313	18.500371550771433	37.2885214220288
10.019065069644537	-1.4459565699228927	38.89564375037162
1.1187425308362335	-4.490756470647004	28.29812158026701
-2.3535445963530606	-4.509047363047397	22.048509068102945
-4.387276917532736	-6.691089432002248	18.542275006854663
-7.467475943608475	-11.420921694796508	18.92108307103001
-11.741711396668265	-15.46163684723322	26.540869962427802
-12.458575723803126	-9.541592623054724	35.07765452365331
-7.645413389432782	-2.506501266762882	31.79789363998064
-3.9587469414387235	-1.8596400791394028	25.252265287318036
-3.1396756533921497	-3.4066442904919643	20.085057614876042
-4.316681434877288	-6.430196334828741	16.934343413161194
-7.539269851090508	-11.916022157070206	17.732177279568074
-12.35732378348512	-16.51420632215476	26.892545656925744
-12.796136159003893	-8.876999645248706	36.392657822082114
-7.035908814275338	-1.3140673558993412	31.794440294258077
-3.09992329893484	-0.935433325079934	24.69742430657355
-2.1809897635740274	-2.2552022761092183	19.24313445199536
-3.012208662464637	-4.617263230776624	15.48663065255108
-5.641799393002916	-9.491698973988987	14.49082199630356
-10.82671993914271	-16.904397482987292	20.968538047544843
-14.619858874132918	-13.866764165786462	36.002575076826574
-9.149194647174356	-1.4157646989973978	35.412264829542316
-3.0861535343717117	0.7997133446032341	27.0483312254396
-0.8730696599202602	0.11747750434401813	20.63798777801879
-0.45518947405655447	-0.4285702172506437	15.81478763098846
-0.661770467022334	-1.0968733526796692	12.148275698620624
-1.4275787100860744	-2.6344139712971573	9.469377627593486
-3.4659772393273016	-6.641865654097265	8.214625047641347
-8.580022129788002	-15.949466581973503	12.222059301099272
-16.391728131226436	-21.279379517223486	32.9043199137167
-12.156421235335397	-0.8531782917469837	41.07172911490615
-2.1641685401134465	4.708775628740676	29.906196178880887
2.0734756697645365	4.548474087042394	23.063246072738703
4.162634487249982	6.3250593296205375	19.165103617637207
6.992065091890762	10.634557306659168	18.82339890924806
11.134525087402752	15.109952602688548	25.180585790395096
12.658440316066818	10.815319342066779	34.33136082426732
8.40416246895619	3.2284742264079984	32.54878750179273
4.428604837006348	1.9669625555269337	26.128742212572195
3.319748032474537	3.370476281106378	20.829299400888523
4.3106336724062	6.240509814513958	17.49917010782966
7.310735446453165	11.42525512529209	17.887548404851756
11.95430043399406	16.17895730553038	26.119550266035642
12.880636410204126	9.681350526070831	35.8695958352387
7.524334201605434	1.8398922233023374	32.186863971316
3.480557462252274	1.172184188138681	25.18902747069247
2.4761004169466894	2.530930349437863	19.72211640705753
3.3486871003676466	5.050488624450233	16.03186456106715
6.107640309460392	10.088840217498113	15.372808618047214
11.245638832186723	16.931077710835982	22.51260227524169
14.205632590157787	12.538241430090485	36.268598143306534
8.594152152639504	1.4045190328967014	34.45121234115274
3.127569927939267	-0.2761465828788615	26.460906441868513
1.2684753193965368	0.5619781003052938	20.278813072743233
1.1863939971937838	1.6068534839141466	15.638891957295098
2.0937685398571935	3.579628692576052	12.337086320451988
4.537817546088616	8.22856358611851	11.121822640901335
10.017962544714504	17.222321910470136	16.770645090219567
15.918376131882853	17.24535765668848	35.944107613005876
10.18848693441934	0.3654575904556201	37.97252682930648
2.2593954268905945	-2.9183049494991433	28.173681606422395
-0.8865308651791598	-2.678659101126588	21.491352729217198
-2.3667210325346977	-3.8931982469750976	16.93834438061965
-4.50475050668892	-7.512289579996223	14.660942161461106
-8.80144336328765	-14.390425481984995	17.684419339945162
-14.076701921823352	-17.07961450574386	31.191311130804973
-11.699268417357263	-4.783398165135152	37.50131995525795
-4.791504298674674	0.5618517760655657	29.727938827630684
-1.4919331351868164	0.14404010581861626	22.64692840909004
-0.7391130107771923	-0.6056154633282392	17.36403363213308
-0.9644294653744393	-1.5234608512783168	13.374344310151125
-1.964592286835766	-3.5379976856427744	10.557347081678671
-4.570459107707297	-8.546132554349494	9.7694527680348
-10.54404718776274	-18.411444995384457	16.58217102885943
-16.538340521279427	-16.822900389331885	37.94017320267496
-9.395199009103262	1.2938803009276039	37.77886060131609
-1.2724822128755602	3.784756385521761	27.700546786518586
1.8488615713141126	3.778807530395069	21.412727349496095
3.676857384148563	5.773262836341464	17.55672605502842
6.592972392027387	10.5137675068055	17.093247270340882
11.318831189951725	16.164071830330887	24.10174168411716
13.428141295011597	11.454101308532955	35.48361462540461
8.38510618016716	2.206543836410434	33.414788083317084
3.7018750668244254	0.8141352964929511	26.15490520395727
2.2564653112631037	1.965138152005777	20.343611325020223
2.7688272656908453	4.046178257581604	16.208735230329196
4.9740633391651565	8.282014325853083	14.46029550298432
9.653543041725694	15.54622709911703	18.865019040946652
14.482034495715421	16.019508858725587	33.47655563068328
10.643414663664823	3.115701894720176	36.78772235906103
3.9812974547244435	-0.7373967797322726	28.54207991478979
1.1790320815434885	-0.14818022852681467	21.75214324381708
0.5878288811177711	0.5049140976466975	16.671805125112293
0.7993409298423667	1.289308375570795	12.820777819155435
1.6704764460086134	3.042738961364278	10.045927182410665
3.9670581960349685	7.511286342960407	8.958473916476287
9.505159185773163	17.189051984208586	14.191273488586047
16.600414658263606	19.36142377255306	35.59572088462631
10.809308361728329	-0.3606789546578241	39.51250316727034
1.697279345110367	-4.2561833290614945	28.826471922987192
-1.968560080747298	-4.1629960199950755	22.26458102794962
-3.9265790771156337	-6.062005831685038	18.379937100002955
-6.809860400852707	-10.604500143755853	17.98852319725264
-11.247543326394155	-15.641642680780201	24.708851309751743
-13.028938986864667	-11.088237152083245	34.91558284406608
-8.378360803450091	-2.719028627716979	32.9568440044562
-4.065821375796184	-1.4049529583953573	26.11514860729866
-2.802781087579696	-2.6999158861606722	20.548496035675562
-3.5842832632185604	-5.237643762978092	16.800006918848236
-6.283868706099748	-10.160424269273967	16.15548837645905
-11.19075898159453	-16.502112692834046	23.056331933788538
-13.86585455163792	-12.233528297054654	35.760275282557245
-8.621964098211492	-1.8995380871559078	34.095828970474095
-3.468262137240882	-0.24154148138549067	26.44369524251745
-1.7572576746326387	-1.2189164740174219	20.386864495538667
-1.9422799653923375	-2.7673037737988095	15.916766519716003
-3.489387772443555	-5.911129747266707	13.192436543585506
-7.242476570660909	-12.540613804474715	14.413414348090779
-13.475074944001767	-19.158492636800265	26.65912987797996
-13.781398843941815	-7.764468787527381	39.36168710018675
-5.8357828957521445	1.3524862858181725	32.15490835319028
-1.117038378094853	1.4825916818944418	24.20116113518648
0.4052572584280185	1.276531933654877	18.513152389235547
1.1903111664691564	2.0765535258812506	14.298256470960311
2.5195002927111925	4.490090140738088	11.470705294509761
5.67482464802133	10.352831071936617	11.397941721185159
12.125460201259678	19.661094792126352	20.9867517999155
15.723086923507509	12.346817409304524	39.92382434497429
7.4339491672567455	-1.9020828011898003	35.08888344452805
0.897887640021235	-2.9373535873529266	26.022666259134834
-1.4803384847041499	-3.0137518167611903	20.065510101154718
-3.0380256461797086	-4.927490690211428	16.150416072464974
-5.79131327476637	-9.64855911807487	15.155249041361774
-10.854177351257832	-16.65295889238142	21.570846371622075
-14.337944290066776	-13.454278499030854	35.72262944832562
-9.08810893441823	-1.7562448896649452	35.039027026565044
-3.324461192423227	0.37694906820309027	26.958732463320693
-1.2555139644623576	-0.4117462083859175	20.636953579034405
-1.0594257782643306	-1.3655306108246674	15.88796486339769
-1.8080850385266771	-3.0673040732776977	12.436445400724113
-3.9028056809244536	-7.096684161372796	10.761658617320807
-8.818667427728471	-15.616600097647058	14.591570982956364
-15.587724772185329	-19.451629955339648	32.67970568057799
-11.855238736434409	-2.2167992247064596	39.64075692049924
-3.095668628971814	3.1218212601306634	29.631707761072448
0.7288178748722609	2.862725605110196	22.4882227978211
2.3546003954512544	3.8871203978514344	17.69774656286931
4.413374609142323	7.260606673552911	15.181563128054327
8.473945357749393	13.782968719126115	17.61954105853819
13.696705891880185	17.095235603132174	30.10134534707978
12.045079072323576	5.76490335684746	37.41362712351779
5.314478050042593	-0.1757979961136301	30.225362543539045
1.8640713235612358	0.13316820897297255	23.093487687103693
1.1128676168915799	1.0800792578120948	17.755574668315504
1.5566662863663892	2.4749958246848647	13.796763123537067
3.1421836561823246	5.589965252221791	11.372261748579719
7.019750855353746	12.625606761123876	12.719820702458318
13.885143193943444	20.415243840562503	26.18983934077167
14.289655830351547	7.343043756151035	40.719212582231634
5.320102447618208	-2.567229402673142	32.395003068219474
0.20606567019452432	-2.641555808650739	24.267955177580223
-1.6477933768904656	-3.012241120285082	18.801196884590208
-3.2338751203096736	-5.312721701445921	15.278641151253556
-6.318906335422545	-10.641682385529485	15.008193709855354
-11.778110415113343	-17.608950567682527	23.296020447523464
-14.265946148974106	-11.566222586276766	37.28639696978513
-7.937539252121916	-0.5854138839512154	33.98269121173266
-2.5910560982809314	0.6065851161559717	25.87253852738377
-0.843595423378741	-0.13468064426845022	19.778880346859594
-0.634179591253649	-0.7916889184207762	15.175934051132511
-1.0835067569496335	-1.8619894501160377	11.719219294959943
-2.4069355574783446	-4.466767227420009	9.44383677812601
-5.804910040270437	-10.937152357901482	9.94192305289032
-12.938826753859054	-21.16246809733887	21.52699388732082
-16.021036642524642	-10.750870478376733	41.84752967980047
-6.3046854071155325	3.481528905178257	34.55520232252279
0.24478554458964882	3.988125693471164	25.640305233572008
2.7098112239451217	4.545337177474246	20.255856005798464
4.809614152849931	7.477210459744892	17.47834019090444
8.419670519816565	12.957141933159825	19.37687966868963
12.76575555470647	15.625428136065864	29.306983461478154
11.757087146243828	7.035905541013647	35.79938365702349
6.266398306014455	1.451542874568926	30.287617088390554
3.1615774852182486	1.6464994522736032	23.70422933433094
2.768733963398391	3.32323366066299	18.74821806232334
4.17954839674012	6.52065159722643	15.810653740782591
7.710168674306128	12.50171836940045	17.066294826805944
12.920585310408848	17.219407894386265	27.639233401089236
12.839441231079725	7.920538998830002	37.28940889354043
6.389919842762732	0.422269644283606	31.487591988371996
2.4251367683793728	0.3041335905748491	24.15815563552333
1.4642808793791258	1.3773266033185128	18.62594984920487
1.9665256644054552	3.04778787668387	14.581635665820256
3.8280925705371733	6.674233948983667	12.368592743966941
8.174150216734699	14.184881473582205	14.958740530339526
14.567419924456287	19.186079547349102	30.02531942034813
12.690686203993204	4.755244781630197	39.426176049294604
4.428222955176715	-2.050296440832086	30.59171290224736
0.3695297566418223	-1.8135010079089091	23.07703156801558
-1.0222543712131356	-2.018723998414958	17.749462645326123
-2.172049942799442	-3.6887198929298917	13.98841361443109
-4.516991468839747	-7.967025523276143	12.38498873609908
-9.566416442139786	-16.179242975507787	17.045888352349774
-15.293679276765205	-17.366901281942834	34.177291682908276
-10.81595297865751	-1.9318787050371087	37.971228681203414
-3.1649755267385347	2.1001216542248025	28.67950435416525
0.01660616693766548	1.7085085885859452	21.755389505145523
1.184760276118669	2.156700929578519	16.776897044922364
2.4366477390228845	4.176567470157569	13.342241159732026
5.153717549310077	9.141783134009971	12.39037766488112
10.780153765400954	17.729787094253865	19.15249757487627
15.500267734294136	15.041540676576616	37.03099793530721
9.2065030076116	0.1670198825092033	36.44757805360738
2.24293904721737	-2.153519297143615	27.25278147772083
-0.37839399538752366	-1.8118021001553029	20.759956014175955
-1.4936149237921228	-2.5809484184495965	16.08825843820574
-3.012437257528139	-5.187845138713205	13.072132768950388
-6.3778615843481425	-11.213426389123342	13.343510490466223
-12.572534538566913	-19.13615621400153	23.604938983580276
-14.734986953851928	-10.449783799009094	39.269998765481446
-6.953919435837743	1.1386241476258931	33.74891667598729
-1.3819475401799968	1.8249137626489318	25.2859904224752
0.515607450724238	1.601438454350586	19.3326307949285
1.4729692838552928	2.5308602028106146	14.989791108871806
3.035356972869018	5.325693727768296	12.23777513417066
6.613931001598788	11.775866667034466	12.943467863796068
13.133477317618299	19.79144952540569	24.54954079062882
14.64683997992297	9.202535064667229	40.0663674898076
6.250431235431896	-1.8495406327302006	33.21615327257016
0.8322675698209998	-2.2294447336998138	24.842707192231554
-1.0512398244293917	-2.264678183391519	19.0845439610056
-2.3005596025865676	-3.8398145536350556	15.062691751764667
-4.615118366429065	-7.970626059980067	13.290906962150348
-9.453356757057575	-15.718671008108817	17.594521036575006
-14.895769772700216	-17.025093808422056	33.48468105530753
-10.947486656341722	-2.714954256669084	37.64337276936769
-3.646547242717161	1.5076821175186055	28.81682490075087
-0.5409815097984343	1.0414521607824556	21.863135398783363
0.40071441640822175	0.9940688208606651	16.747744593603866
1.0218331975391677	1.8040509340528714	12.91419256899734
2.248810108270491	4.106578345222553	10.3021241651694
5.286804436410815	9.872527205914942	10.143695739238893
11.864919324838418	19.92643647996493	19.39932453628139
16.304922329014214	13.494269235844904	40.31255386506486
7.673200935176249	-2.4674515014709253	35.86657093795774
0.5363710200212713	-3.671866194986021	26.445367732226305
-2.11748887647944	-3.898118975712473	20.593876122015285
-3.9869685159167214	-6.277229029759626	17.12513314789267
-7.196713688741234	-11.465687092646245	17.46028328954692
-12.039044516343544	-16.49844032113894	25.942585051682613
-13.059983654295342	-9.727795328521216	36.22514847304121
-7.458885950848543	-1.5373404915981563	32.34320903746243
-3.264237824201907	-0.8689168793267061	25.16055396019967
-2.177833490553356	-2.132170973811976	19.584518609366988
-2.896652302413316	-4.378189244848965	15.690398775894758
-5.3635420040239	-9.007678529842734	14.393971354470809
-10.37743924017498	-16.442895941251837	20.060982877861115
-14.644187608102762	-14.797049793868494	35.154993907805604
-9.722620857598763	-1.96317837510361	36.00149037892232
-3.383185542511471	0.8251824552967781	27.606962703720967
-0.9478185649245524	0.17091067765379064	21.04976433996562
-0.4538721355224729	-0.38364962673269326	16.127851732731624
-0.6219705355643423	-1.014130323233259	12.383783119161125
-1.321853894854813	-2.4284220541236543	9.626383529418558
-3.1926786794642816	-6.111877732297062	8.189461897347668
-7.945080155570885	-14.906921217231812	11.346436342695656
-15.913976918479575	-22.02627111747897	30.561589680339488
-13.135771595540245	-2.356345144957843	41.8866146568836
-2.786700144510639	4.718557072583922	30.724924079185516
1.8629725795630407	4.525961781100861	23.540776194922454
3.994880465020983	6.091438109903257	19.416134143928563
6.701820035197386	10.193754774536098	18.68045812284209
10.791150640909697	14.918268853720035	24.37702468040397
12.770960141555037	11.545581020745391	33.87903251365358
8.838933180528771	3.622727089492206	33.01438325892708
4.65977177951255	1.945829466936638	26.642845263512726
3.3437005292659383	3.2312726036586383	21.218457247390305
4.184948056292633	5.961357907586917	17.70547147654148
7.012814726004713	10.951064199253203	17.685457223498872
11.614130585007125	16.058869790667686	25.21243855358442
13.080965220858308	10.516402276888577	35.55827001345756
7.969479652621834	2.1503747187154847	32.71151388919018
3.68846126703702	1.1432218294121275	25.677957910720032
2.507995641550675	2.4374941228654974	20.095406317846496
3.269748462144441	4.857218175683883	16.27307351743539
5.884727141383275	9.690016994461825	15.336613949799203
10.88993992345123	16.59503251640262	21.78795207736231
14.253580736414175	13.28602358177941	35.678396142260375
9.040614268704802	1.8263339557677134	34.89832252035894
3.3777820854185268	-0.2533826081184981	26.902936105365626
1.36243724303137	0.5682464468336342	20.619093246668456
1.2347683765467747	1.6393118463096483	15.907381844997298
2.140108044446228	3.633441640226761	12.559068662777303
4.594333975672336	8.293291933983014	11.335666199781162
10.058624577059678	17.20263825373126	17.01276655078257
15.842552200052182	17.054007359361872	35.939379480887496
10.139824937738716	0.4512786723534258	37.82996129740747
2.3221677031595815	-2.7843106842572585	28.118895292379243
-0.7737473706164029	-2.5229521588599884	21.43246441875309
-2.1968265894456316	-3.643957380732349	16.826478258132035
-4.221165554296187	-7.079344882867929	14.367892127062971
-8.375701972457119	-13.901595887423452	16.829902645586643
-13.951343168570405	-17.717018519764075	30.05945522459943
-12.256806084618168	-5.516087792055254	38.02157606966502
-5.074759042734933	0.7249058500173025	30.35925814568326
-1.4308147219650444	0.44057017556918265	23.065441691394305
-0.4894102600564073	-0.1757037531459512	17.655644315190873
-0.46983103829167117	-0.6798079353403891	13.53937905653842
-0.90719610694007	-1.6237199447738975	10.436936675568639
-2.125419562187976	-4.034284574090037	8.356593566713459
-5.332875077476485	-10.262791002118588	8.673273350409888
-12.505526945537909	-21.287990281194745	19.505716509057912
-16.710082623896785	-12.323011847490577	42.17849902161214
-6.709082977220663	3.967435033099447	35.48759172121926
0.5108819615561213	4.661400271474976	26.22468279236074
3.2364984334120632	5.248398939492023	20.98180590650998
5.488446778343515	8.276382842057442	18.643087911663986
9.062020847173189	13.276384288360864	21.28992154839113
12.572424199515249	14.189713978977553	30.536658394746453
10.839340942680614	6.301697746922513	34.56546955043736
6.090943210122196	2.17838234664687	29.20956760015234
3.6922080954452206	2.7020943904503296	23.27348506147475
3.7817276946246663	4.848054732720401	18.988774265610495
5.820692392879986	8.899027709794755	17.382997058875986
9.898642351502989	14.647670149093242	21.65548819154416
13.303249212005994	13.859153140196186	32.77203301219904
10.090124247290841	4.355567214559552	34.75900657419907
4.9479365752218545	1.2278079982774115	28.083426957697213
2.8376826419369277	2.0976324509447823	21.98704562290744
3.056753909950945	4.142333027894187	17.59752598824213
5.069314902048005	8.134448370319282	15.614772781368458
9.375020196938868	14.766819953522017	19.342245542918253
13.92180478180518	15.736811695421807	32.312061067131935
10.910574359610187	4.27739579955017	36.386895563846984
4.690650740943402	0.05995100467687997	28.90809225030694
1.9209850160107538	0.6687950732306067	22.198246640323624
1.5551236304840226	1.8867543960755957	17.17780726952097
2.4795057923145802	4.064194972519948	13.662252444635584
5.067877816963709	8.918815191457135	12.565254410391514
10.539119716648734	17.365284353929468	18.855288876787103
15.416141737725068	15.45654129433404	36.42757556752808
9.526928875020268	0.5947782712740575	36.68036656848196
2.4949120215855274	-2.0230230242374154	27.51207620459928
-0.19410761462952117	-1.6332068769323214	20.93289626842212
-1.2534957718447997	-2.221171241545901	16.16366247534211
-2.568312953289636	-4.437543556935862	12.925248223050962
-5.4994508693208415	-9.794650334182236	12.369074120348392
-11.427859479094538	-18.48361663793368	20.373965911751277
-15.46898266182322	-13.612444198474977	38.25789112771784
-8.368247351804808	0.5998126632275346	35.617766747683596
-1.7780308752288208	2.2288437683607945	26.565735170332744
0.6167326797303099	1.9759521667674407	20.287274628716894
1.7694176699966286	2.995587537306515	15.803200866978536
3.538847543790098	6.093390398676003	13.137604517282265
7.417643070841698	12.83851494179585	14.58488600623365
13.667777528515115	19.152807943830982	27.29394572020509
13.575849460538558	7.20797317805213	39.365769109363185
5.589968476866443	-1.4364767968189172	31.84101640891423
1.0221350516132994	-1.4742923059476225	23.97813742862501
-0.44626080553660624	-1.3025171617830889	18.349499141076226
-1.2406462771667128	-2.158145857582867	14.18313046090181
-2.6273018292542893	-4.687690024217339	11.427626194384572
-5.918579434467265	-10.77817712532838	11.595277809780667
-12.492300342914945	-19.935844917044527	21.94009699753891
-15.518210628248767	-11.344286202120399	40.27656276732476
-6.985720275213672	2.1034791421704924	34.54606395378142
-0.735209921793552	2.885118285630197	25.66570641172915
1.5259448029682976	3.0196868042917275	19.81344406034431
3.0880129157169267	5.017510613090788	15.981918893782781
5.911646533038367	9.867229998670526	15.141545853289653
11.058883056472578	16.8675258672152	21.95364432535534
14.331107097679846	13.046564033947002	36.09261704779928
8.832254765337026	1.4906029840209327	34.799788205188804
3.167599467514169	-0.40941107251255543	26.708337561445383
1.1830901490139583	0.3830988773598147	20.441741862277233
1.0020456471680206	1.2999426200316277	15.729806322366056
1.7233957481640172	2.9349957952088626	12.290692324094351
3.7433920185654124	6.83191216571127	10.550061447087122
8.54159715109861	15.255226959037007	14.024106498126049
15.49995588051962	19.936516132756598	31.861400246375744
12.250702248397456	2.6574831054931174	40.06311436403827
3.258685572933756	-3.2506748017381626	29.99429541102151
-0.7625191935256839	-3.007722373945833	22.743607181981243
-2.4589446375096866	-4.040113335814794	17.937063939339854
-4.564599040102727	-7.458246565214376	15.481068302498091
-8.645544274913457	-13.914330127154027	18.109434037892306
-13.674427974802299	-16.727419452268173	30.49023178347514
-11.802879587920385	-5.568242199731095	37.09231126782622
-5.272056215812856	-0.012983580671637934	29.966356005500298
-1.9930168540840565	-0.38425001715329277	22.957788116070635
-1.3598655742268404	-1.464499547585213	17.70330040692591
-2.007722452960551	-3.2239676011394485	13.889577532933982
-4.053116886416167	-7.158950242847567	11.980520123202608
-8.752441650864775	-15.155883381481335	15.46738031386768
-15.085968867984127	-18.804485975231078	31.999844573753602
-11.928955066089788	-3.1971371678667526	39.09824880762232
-3.6963066979270924	2.3355484277923195	29.746568149375154
0.0168170694614172	2.018621467282918	22.498526848102724
1.3834997066678267	2.4942087372941963	17.387902632441815
2.7850664929724944	4.708036718061122	13.963472381500196
5.736836489476219	9.99408976599083	13.397339668910885
11.453883151399436	18.05900089978412	21.28141425639912
15.032140009261603	13.073216186998264	37.71284323275679
8.357972344272582	0.005953387649288766	35.14586257279553
2.1851686677860496	-1.5799349435732672	26.427090363590626
-0.004972194367349525	-1.134474694739649	20.13919156217637
-0.8009611202972473	-1.4923417744942444	15.47675858316454
-1.7250853093622898	-3.0390780387588623	12.099048509020031
-3.8403625215761146	-7.041040011261755	10.462541473226695
-8.784434653058845	-15.653552283072889	14.303066235627206
-15.68216052767968	-19.676206712972842	32.692030038706974
-11.902682184818755	-2.0729280568543356	39.82380121132824
-2.9919703012760674	3.312057404944046	29.670617714871707
0.8884451509002161	3.0690069008584433	22.543355462567337
2.5796581497220874	4.20545209339954	17.836588701251586
4.770486502866536	7.7867328645434055	15.564413021732268
8.974906560140262	14.31201134206654	18.672942537366975
13.799592109292286	16.298817962242136	31.347885632125013
11.395536491420158	4.957610828377681	36.78101965922152
5.002903374473341	0.04002145847932226	29.47484703503464
1.966234335384202	0.5283655913907626	22.608756378282912
1.4619739417197668	1.6770076435037438	17.464265787715533
2.2452832785547088	3.642852176351513	13.790153149186274
4.560132606069254	8.040032895721152	12.262262804765115
9.67130557684305	16.35821093628011	17.11703379961635
15.373892874753295	17.258970356031238	34.50333942240242
10.677664998110112	1.680705134327464	37.903615018762686
3.029909632861001	-2.1796898772937405	28.552241374362325
-0.11511008342589019	-1.7985109849710368	21.669549324982746
-1.3057106634312574	-2.332017100869661	16.737798738449236
-2.65308054155832	-4.538190411737828	13.403513611162877
-5.581892116381991	-9.845266105447113	12.816404686919077
-11.40540430271629	-18.2649402762499	20.701307252656065
-15.28485611547434	-13.456951969116172	37.96291624805222
-8.409786415235988	0.29628476843747337	35.460223142815906
-1.9800797770354568	1.9429342031428105	26.541057911597893
0.33836908174678415	1.6026708372581986	20.239678737320546
1.3365178539920197	2.327955827068665	15.6519599170021
2.7390171385440505	4.764184547933653	12.606456563261231
5.9159894613865625	10.549856808292795	12.511702319980486
12.120672706873549	19.13894229947817	21.913744093529274
15.255662784282395	11.90401517931583	39.23205444381454
7.494917694920982	-1.2112269561455593	34.666736982242426
1.361972919281875	-2.2435900599574286	25.857403040389624
-0.808213125843944	-2.0961231288021076	19.794916065289932
-1.992740177699409	-3.3420882294845065	15.496863545924601
-3.9823501035240105	-6.86569170344631	13.176918378452662
-8.278231677832325	-14.116559265964518	15.744848680150382
-14.340530549737068	-18.57535997568815	30.12226141260556
-12.491067252134496	-5.016282689864732	38.85179359317049
-4.66754221038661	1.5228928568679765	30.466764437383038
-0.7883011610721353	1.2607937358525407	23.025194820952965
0.4182130664394577	1.1404788484129842	17.62946148166143
1.121662650534403	1.9651182633914457	13.607749812978385
2.418221519438938	4.361955245786804	10.899227980596159
5.560685786162666	10.255589218958422	10.84886065252253
12.125047427503349	19.90853003396033	20.52514282353752
15.950667629846357	12.562297248215364	40.26502872528643
7.397483899537121	-2.248391270813521	35.28626948855436
0.6668365118890952	-3.276676808605338	26.11049363452435
-1.807873794663019	-3.4530830534961487	20.231949866400164
-3.529095525958261	-5.645417426165373	16.55238378122234
-6.564159047474625	-10.715386159078767	16.272174359641312
-11.628121682412909	-16.840983043719866	24.048663788714787
-13.73605757054088	-11.251702583490612	36.36878265449593
-8.066414159157969	-1.4270447415174936	33.50985544222197
-3.172571303401737	-0.22705557300912005	25.877442401455692
-1.6581511725132074	-1.2383451203667522	19.945858575665532
-1.9199620568693223	-2.7977439829819817	15.573845541083205
-3.523814947487685	-6.018007988343958	12.948520359081042
-7.383294949457262	-12.821271555847968	14.392637423758874
-13.697251071252639	-19.285920459192603	27.197501659394597
-13.646083636746306	-7.210771542908426	39.50592571382744
-5.558281341019683	1.5543138851032798	31.894057009205234
-0.9359246675518255	1.5960938382047867	23.99958439742049
0.5731884963369076	1.4848272984748412	18.378455832797737
1.4566305799876056	2.5085871977933363	14.254226308620824
3.056387770428388	5.430173447221547	11.68204467838695
6.787301176578848	12.180785156770677	12.699228122117324
13.522496299923153	20.202456320874507	25.2703328958922
14.533786634830372	8.292809191967253	40.52036578288144
5.7646387040822855	-2.29826233717322	32.83933481394316
0.46225873026816805	-2.5093201083206833	24.564577685887905
-1.4246476042051361	-2.7393462660996253	18.962043240230273
-2.885472737954889	-4.760292409470017	15.223509366304336
-5.686998707159178	-9.670462071518825	14.332231635695793
-11.001184165732376	-17.169538947033942	21.170639851752938
-14.683478536147387	-13.590426344161536	36.41870630972939
-8.927986171515323	-1.0933172029540443	35.27819968203073
-2.8882292618724006	0.9266516161628087	26.849997807075745
-0.7159149318428455	0.2742317463437341	20.476067446024953
-0.2517719427754103	-0.12781558068739737	15.680437845700544
-0.2858686592132626	-0.45042100810448576	12.016385639222312
-0.600693985453945	-1.1087817250073615	9.232791896103091
-1.4728456341052718	-2.853715467662023	7.244833297796505
-3.8543414818007453	-7.616795156549886	6.727719104307494
-9.916699670241453	-18.494609745019652	13.057641051548176
-17.58490774054142	-19.647105454548555	37.96226778892472
-10.007035243898658	2.652317414295525	39.63326748513416
-0.3604128735751677	5.606255091895554	28.56981361828525
3.3472889448631937	5.699961687231442	22.78634375776334
5.594923487610719	8.10695049320464	20.162493700026303
8.691146839046867	12.280910125427951	21.93566004865068
11.798959582369914	13.54636623590092	29.264995892994875
10.892802648347702	7.531679991063722	33.562680976484195
6.934430546172915	3.3427279853519254	29.60936404854932
4.600523349041974	3.5525930954432656	24.230767221076373
4.65430242895352	5.723468249743522	20.340999641440472
6.681747863420913	9.660900042160238	19.355490847968785
10.314382304903077	14.123280487643475	24.02027639744797
12.45808118980936	11.947415587485914	32.715537368429835
9.309090628081762	4.628059267891755	33.00878140242486
5.304088416101113	2.522687106405217	27.25189376917782
3.888426294800259	3.6966571233573675	22.003038516547562
4.695784188008357	6.469959288478826	18.689822456816557
7.477917184655535	11.257646995245375	19.03657859568226
11.629195239444497	15.297355681429227	26.39215882689282
12.428862378742505	9.707380466640489	34.85199746085707
7.7750825456055255	2.713245289612762	31.84335417313942
4.103884572872424	1.98835264546421	25.39074262756547
3.273996145063509	3.5431091373922032	20.260877612754456
4.468238852455362	6.610497019614951	17.181680159226485
7.708254378806668	12.06607613658603	18.147551140350075
12.39242049708831	16.275835088449394	27.334028419247076
12.576099130867242	8.57351675066793	36.1856866190042
6.941913998314498	1.4484524348719852	31.503556549224175
3.194193276106588	1.1674797747604377	24.5544879223599
2.392124682982818	2.583479264122919	19.218066776112696
3.37823545867169	5.191490065995019	15.663084891205612
6.279588798652041	10.441480542395784	15.263565609075808
11.575356002280675	17.291932811678524	23.088720618877243
14.197163845105578	11.888890176634867	36.84092701744358
8.186288476014978	0.959185380222914	34.1041094449648
2.842569180503827	-0.3997383992430912	26.077715325278927
1.0835446134331912	0.4106457848341902	19.96494194706649
0.975741738579905	1.3125552125175637	15.362515442087485
1.7283320788208933	2.9726670483369833	12.01061483028456
3.7995217850836354	6.966935468950128	10.368544376484342
8.715879070775612	15.574138297650968	14.128623267872632
15.676565733585955	19.824383943741253	32.504712261489566
12.001475707967808	2.1512477819191895	39.949774268319935
3.0139103427800977	-3.3695288210974743	29.75886409544243
-0.9191272014659688	-3.1311343299509153	22.610282938333764
-2.6348925227794293	-4.283719869092371	17.912963831137535
-4.852623779728111	-7.89897324318301	15.690167753047998
-9.073677649221002	-14.392717648807222	18.92715013568767
-13.790668588778445	-16.0960343485774	31.55974312123054
-11.262039264582151	-4.839578129681593	36.61670785487892
-4.965413731994222	-0.1179230931384653	29.328882701738006
-2.0160863295849967	-0.6412734230543422	22.52400285146579
-1.5711615809047075	-1.8529450788154098	17.42768404752693
-2.450583710334619	-3.985454603137093	13.841913219404136
-4.967236656025883	-8.718103589986473	12.621374684371997
-10.32810189210949	-17.082583815730622	18.52462268365281
-15.371591613459161	-15.850044493815211	35.93255152655412
-9.804906393011024	-0.9193898852772081	36.92254747775486
-2.675489665586553	1.9748511476572739	27.75234499023836
0.0956900304788067	1.5649026416001683	21.10020492928937
1.1435694691277922	2.061299567847895	16.26862765243538
2.364678942002968	4.0880507206861285	12.922907621511966
5.0781357496644315	9.083481378010186	12.00137303106165
10.779067467240672	17.88203026570853	18.83110263829056
15.659392996581078	15.236097311212049	37.23870767079858
9.197239651405214	-0.08352579354311196	36.61289198110845
2.0778564862938875	-2.4007129736272184	27.2827437011511
-0.6106098274916641	-2.120314998743293	20.80763397087772
-1.8473082681725397	-3.117842942944932	16.22612547253768
-3.6496946116400637	-6.229523251498742	13.529950199472662
-7.531618706568538	-12.911143242445263	15.036682788937263
-13.62955486489767	-18.847561067742856	27.599202493322306
-13.386766271644452	-7.118877218703788	39.04935139725857
-5.62338412081759	1.1856463520508824	31.672820036088375
-1.2008791891836221	1.199564205533162	23.89924398808717
0.16707219246740906	0.8951806364289485	18.271836454651655
0.7593815199387364	1.3726425643541735	14.042645481913738
1.6563249325570615	2.981801962208231	10.979719266971854
3.8294841043879964	7.152806705197863	9.592342193172772
9.01533195018394	16.2569169360157	13.948748850556756
16.137346453815166	19.846363820835144	33.79267051628658
11.553706333530888	0.9836924702492262	39.92447161761045
2.395102365300474	-3.8608082762349234	29.376185066909894
-1.4520125824761012	-3.6749247526416493	22.47566139196352
-3.301162337947725	-5.2061307774426275	18.152527206367388
-5.8844941293919675	-9.372879442425813	16.81145873465597
-10.350380231119875	-15.40296080772686	21.997689931914707
-13.615272709712167	-13.459145941609915	33.97282727278684
-9.596467747099013	-3.346094654337507	34.67295681991501
-4.3472299851721	-0.7681154105014604	27.48025882535449
-2.375104578471683	-1.71605726362543	21.349527274428286
-2.5885648895931013	-3.584307450433647	16.892437600540333
-4.443226595884319	-7.302936595562735	14.571998182098518
-8.638096644678967	-14.178704049689564	17.369336360617083
-14.01711453209499	-17.316580379101183	30.734394242175416
-11.918255991787463	-5.091527038372023	37.68641677373213
-4.920172418539154	0.5976469016487814	29.9782845158437
-1.4919595896724676	0.23121892321303866	22.81933375512345
-0.6735207263987716	-0.48272858468246443	17.486710716959895
-0.8255741413368686	-1.2830649908017555	13.447801997799198
-1.6637642855041852	-2.992220574805711	10.524890448357384
-3.88156717879517	-7.296548212663186	9.273827618034073
-9.220699817548258	-16.66322091335317	14.003591728502984
-16.35899408104697	-19.693376823358	34.58010697744382
-11.241682555801287	-0.36647762261705136	39.78244597563493
-2.075146938716178	4.059508557790158	29.13714619760012
1.6975014516378233	3.911002028292663	22.385812112016335
3.6001872872852116	5.616115956124544	18.261648854403877
6.331937969130307	9.979906032400304	17.36058308710108
10.813759637294927	15.593823849570141	23.322449908284515
13.370425258747881	12.292365756381354	34.5496661367984
8.977313666762747	2.9823515763024675	33.832124689619256
4.18732851642151	1.0736255310916791	26.793575097080094
2.5728930227179214	2.189476217985077	20.93726256549784
3.062687560375445	4.376090680634858	16.804235732927943
5.336473594754508	8.723513386156363	15.2337226559913
9.994373280466823	15.657442932843749	20.07057979140397
14.239119150575391	15.003656514470649	33.92707048343849
10.16879347085571	3.030048417612236	35.98199199015316
4.024961746989209	-0.24143551086968487	28.06455373463034
1.5494475692688232	0.4723336040374813	21.49581193917917
1.2419178632905943	1.529162480981002	16.57436726444978
2.029917166964753	3.380808827639176	13.032458001579545
4.2681426918795	7.655329990620108	11.465328839368171
9.35587081100963	16.18674671761184	15.969780784715908
15.575959117996385	18.23736833738896	34.00043916869871
11.105552900903009	1.6805868335048295	38.662981792763944
2.939906266948164	-2.6833164932863087	28.951732056839802
-0.4869084164460553	-2.3750850659678693	21.98100426221905
-1.9074263374867457	-3.230874282717381	17.143946105308565
-3.6959785885055916	-6.201442450062438	14.266946607262028
-7.4240292272249615	-12.556983947216064	15.484063905223064
-13.268381118595585	-18.39288226460319	27.093773654541327
-13.404724798671527	-7.824965967672079	38.53875772926632
-6.0593573046754186	0.6441065645063446	31.895867247143133
-1.6379107278057905	0.7726410454840877	24.151569289261854
-0.34032382763463	0.21496979661840995	18.461381223324228
-0.07541477809499053	0.013719073172633035	14.138424325809849
-0.05005478679076043	-0.06728953531854574	10.829151137364361
-0.09880528179365908	-0.18397889734132178	8.295134056777853
-0.24861464543380685	-0.48887031732980546	6.358390697261171
-0.6727401614276256	-1.3595006010691426	4.905763113896483
-1.9030729220878673	-3.9112445548078374	4.041557051213628
-5.4730756678529975	-11.176491309424643	5.446689209999227
-14.016311884688493	-24.39331389145373	20.193159734528926
-17.202244797870694	-8.735547798455945	45.81693788550191
-4.399460851567425	6.981982984143505	34.524702872367556
2.806594395154349	6.790467057631334	26.415025101208084
5.543117487685767	7.7065012854823145	22.970610240863266
7.847209587910907	10.38082388499887	22.955805836505803
10.277552301294367	12.190659609109554	26.934608085859555
10.75138300226656	9.56583885201351	31.22575244125854
8.465669294182673	5.698859627681687	30.251448093870955
6.253558611759542	4.864861891782205	26.346211586482248
5.829640458787729	6.337812931141365	23.006838170981712
7.1623677058227075	9.243791379649398	22.007110411492658
9.644677242850962	12.17787331299332	24.973202739843337
11.162263298138173	11.133640157815485	30.44842747274748
9.45157948526382	6.555710156489719	31.447183818549664
6.682751518297847	4.527526773037145	27.74116474781376
5.536746148562287	5.403782752917277	23.739599073862724
6.32390956494956	7.976774652501091	21.5713466834713
8.661305766483459	11.48379103651938	22.993162805145506
11.106734641778289	12.526889431172107	28.636347408727474
10.561102106109368	8.13348314136206	32.25479001840441
7.493191763334114	4.528104079009141	29.463477781291285
5.484364419277546	4.544194792162522	24.93841235002604
5.565158356055379	6.605939192635975	21.685347202358273
7.458585417313926	10.12293960820423	21.36150041044835
10.405805871585088	13.123957377375753	25.84857395218796
11.504621539464893	10.471148525140062	31.996613712133282
8.781408183296879	5.199664794657212	31.41185017322655
5.8206788709272494	3.852595708592397	26.684214405342313
4.9937189301152864	5.241409326991718	22.452253989656697
6.190907585218195	8.298839771661621	20.439378317784996
9.039730143762856	12.387674687328149	22.68698056432976
11.746252623368136	12.964452672956364	29.792229974048528
10.496351865566334	7.121222522058486	33.102577078183046
6.783423673980809	3.559721496073821	29.069014938261052
4.77023762453255	3.978528332592527	23.98932969004151
5.039837445795739	6.301104179889106	20.48366430760443
7.230933004443072	10.309567607280126	20.12939692482774
10.727501859151793	14.049929243501728	25.452560932542564
12.077790488698698	10.748258665966333	33.04933022392454
8.6794420380564	4.3296510879354875	32.05207606622589
5.195007635386356	2.9484782157242932	26.481495044837285
4.216557901211012	4.3836102558781125	21.673677387627468
5.366356389079645	7.4841824632222345	19.017379039293242
8.431195224512408	12.319930520692303	20.612037856843674
12.10623535368214	14.537878777427105	28.81624310375238
11.45078370072112	7.753041252242852	34.52889059115356
6.87821234018866	2.643760579958912	30.223848182621563
4.072630754127119	2.7015251051124904	24.249424798465178
3.8539962918870487	4.662631784293966	19.767742156741903
